-- BASE PORTAFOLIO

--REGION
INSERT INTO region VALUES (1,'ARICA Y PARINACOTA');
INSERT INTO region VALUES (2,'TARAPACÁ');
INSERT INTO region VALUES (3,'ANTOFAGASTA');
INSERT INTO region VALUES (4,'ATACAMA ');
INSERT INTO region VALUES (5,'COQUIMBO ');
INSERT INTO region VALUES (6,'VALPARAÍSO ');
INSERT INTO region VALUES (7,'LIBERTADOR GRAL. BERNARDO OHIGGINS ');
INSERT INTO region VALUES (8,'MAULE');
INSERT INTO region VALUES (9,'BIOBÍO ');
INSERT INTO region VALUES (10,'DE LA ARAUCANÍA');
INSERT INTO region VALUES (11,'DE LOS RÍOS');
INSERT INTO region VALUES (12,'DE LOS LAGOS');
INSERT INTO region VALUES (13,'AISÉN DEL GRAL. CARLOS IBAÑEZ DEL CAMPO ');
INSERT INTO region VALUES (14,'MAGALLANES Y DE LA ANTÁRTICA CHILENA');
INSERT INTO region VALUES (15,'METROPOLITANA DE SANTIAGO');

--CIUDAD
INSERT INTO CIUDAD VALUES (1, 'Gran Santiago', 15);
INSERT INTO CIUDAD VALUES (2, 'Gran Valparaíso', 6);

-- COMUNA
DROP SEQUENCE SEQ_COMUNA;
CREATE SEQUENCE SEQ_COMUNA START WITH 1;

INSERT INTO comuna VALUES (SEQ_COMUNA.NEXTVAL,'Las Condes', 1, 15);
INSERT INTO comuna VALUES (SEQ_COMUNA.NEXTVAL,'Providencia', 1, 15);
INSERT INTO comuna VALUES (SEQ_COMUNA.NEXTVAL,'Santiago', 1, 15);
INSERT INTO comuna VALUES (SEQ_COMUNA.NEXTVAL,'Ñuñoa', 1, 15);
INSERT INTO comuna VALUES (SEQ_COMUNA.NEXTVAL,'Vitacura', 1, 15);
INSERT INTO comuna VALUES (SEQ_COMUNA.NEXTVAL,'La Reina', 1, 15);
INSERT INTO comuna VALUES (SEQ_COMUNA.NEXTVAL,'La Florida', 1, 15);
INSERT INTO comuna VALUES (SEQ_COMUNA.NEXTVAL,'Maipú', 1, 15);
INSERT INTO comuna VALUES (SEQ_COMUNA.NEXTVAL,'Lo Barnechea', 1, 15);
INSERT INTO comuna VALUES (SEQ_COMUNA.NEXTVAL,'Macul', 1, 15);
INSERT INTO comuna VALUES (SEQ_COMUNA.NEXTVAL,'San Miguel', 1, 15);
INSERT INTO comuna VALUES (SEQ_COMUNA.NEXTVAL,'Peñalolén', 1, 15);
INSERT INTO comuna VALUES (SEQ_COMUNA.NEXTVAL,'Puente Alto', 1, 15);
INSERT INTO comuna VALUES (SEQ_COMUNA.NEXTVAL,'Recoleta', 1, 15);
INSERT INTO comuna VALUES (SEQ_COMUNA.NEXTVAL,'Estación Central', 1, 15);
INSERT INTO comuna VALUES (SEQ_COMUNA.NEXTVAL,'San Bernardo', 1, 15);
INSERT INTO comuna VALUES (SEQ_COMUNA.NEXTVAL,'Independencia', 1, 15);
INSERT INTO comuna VALUES (SEQ_COMUNA.NEXTVAL,'La Cisterna', 1, 15);
INSERT INTO comuna VALUES (SEQ_COMUNA.NEXTVAL,'Quilicura', 1, 15);
INSERT INTO comuna VALUES (SEQ_COMUNA.NEXTVAL,'Quinta Normal', 1, 15);
INSERT INTO comuna VALUES (SEQ_COMUNA.NEXTVAL,'Conchalí', 1, 15);
INSERT INTO comuna VALUES (SEQ_COMUNA.NEXTVAL,'San Joaquín', 1, 15);
INSERT INTO comuna VALUES (SEQ_COMUNA.NEXTVAL,'Huechuraba', 1, 15);
INSERT INTO comuna VALUES (SEQ_COMUNA.NEXTVAL,'El Bosque', 1, 15);
INSERT INTO comuna VALUES (SEQ_COMUNA.NEXTVAL,'Cerrillos', 1, 15);
INSERT INTO comuna VALUES (SEQ_COMUNA.NEXTVAL,'Cerro Navia', 1, 15);
INSERT INTO comuna VALUES (SEQ_COMUNA.NEXTVAL,'La Granja', 1, 15);
INSERT INTO comuna VALUES (SEQ_COMUNA.NEXTVAL,'La Pintana', 1, 15);
INSERT INTO comuna VALUES (SEQ_COMUNA.NEXTVAL,'Lo Espejo', 1, 15);
INSERT INTO comuna VALUES (SEQ_COMUNA.NEXTVAL,'Lo Prado', 1, 15);
INSERT INTO comuna VALUES (SEQ_COMUNA.NEXTVAL,'Pedro Aguirre Cerda', 1, 15);
INSERT INTO comuna VALUES (SEQ_COMUNA.NEXTVAL,'Pudahuel', 1, 15);
INSERT INTO comuna VALUES (SEQ_COMUNA.NEXTVAL,'Renca', 1, 15);
INSERT INTO comuna VALUES (SEQ_COMUNA.NEXTVAL,'San Ramón', 1, 15);
INSERT INTO comuna VALUES (SEQ_COMUNA.NEXTVAL,'Melipilla', 1, 15);
INSERT INTO comuna VALUES (SEQ_COMUNA.NEXTVAL,'San Pedro', 1, 15);
INSERT INTO comuna VALUES (SEQ_COMUNA.NEXTVAL,'Alhué', 1, 15);
INSERT INTO comuna VALUES (SEQ_COMUNA.NEXTVAL,'María Pinto', 1, 15);
INSERT INTO comuna VALUES (SEQ_COMUNA.NEXTVAL,'Curacaví', 1, 15);
INSERT INTO comuna VALUES (SEQ_COMUNA.NEXTVAL,'Talagante', 1, 15);
INSERT INTO comuna VALUES (SEQ_COMUNA.NEXTVAL,'El Monte', 1, 15);
INSERT INTO comuna VALUES (SEQ_COMUNA.NEXTVAL,'Paine', 1, 15);
INSERT INTO comuna VALUES (SEQ_COMUNA.NEXTVAL,'Peñaflor', 1, 15);
INSERT INTO comuna VALUES (SEQ_COMUNA.NEXTVAL,'Isla de Maipo', 1, 15);
INSERT INTO comuna VALUES (SEQ_COMUNA.NEXTVAL,'Colina', 1, 15);
INSERT INTO comuna VALUES (SEQ_COMUNA.NEXTVAL,'Pirque', 1, 15);

-- CLIENTE
select * from cliente
INSERT INTO CLIENTE (RUT_CLI, DV_CLI, NOMBRE_CLI, APAT_CLI, AMAT_CLI, DIR_CLI, FECHA_NAC_CLI, EMAIL_CLI, CELULAR_CLI, CONTRASEÑA_CLI, ESTADO_SUSCRIPCION_CLI, ID_COM, ID_CIUDAD, ID_REGION, ID_SUSCR)
VALUES ('10639521', '0', 'Miguel', 'Uval', 'Riquelme', 'San Pablo 7545 B2', TO_DATE('01/02/1990', 'DD/MM/YYYY'), 'migueluval@example.com', '+56912345678', '123456', 'A', 4, 1, 15, 3);

INSERT INTO CLIENTE (RUT_CLI, DV_CLI, NOMBRE_CLI, APAT_CLI, AMAT_CLI, DIR_CLI, FECHA_NAC_CLI, EMAIL_CLI, CELULAR_CLI, CONTRASEÑA_CLI, ESTADO_SUSCRIPCION_CLI, ID_COM, ID_CIUDAD, ID_REGION, ID_SUSCR)
VALUES ('13074837', '1', 'Cesar', 'Amengual', 'Saldias', 'Pje. Codornices 1550', TO_DATE('02/02/1991', 'DD/MM/YYYY'), 'cesaramengual@example.com', '+56922445778', '123456', 'A', 22, 1, 15, 4);

INSERT INTO CLIENTE (RUT_CLI, DV_CLI, NOMBRE_CLI, APAT_CLI, AMAT_CLI, DIR_CLI, FECHA_NAC_CLI, EMAIL_CLI, CELULAR_CLI, CONTRASEÑA_CLI, ESTADO_SUSCRIPCION_CLI, ID_COM, ID_CIUDAD, ID_REGION, ID_SUSCR)
VALUES ('12251882', '2', 'Claudio', 'Donoso', 'Morice', 'Chacalluta 9519', TO_DATE('05/02/1994', 'DD/MM/YYYY'), 'claudiodonoso@example.com', '+56933445778', '123456', 'I', 44, 1, 15, NULL);

INSERT INTO CLIENTE (RUT_CLI, DV_CLI, NOMBRE_CLI, APAT_CLI, AMAT_CLI, DIR_CLI, FECHA_NAC_CLI, EMAIL_CLI, CELULAR_CLI, CONTRASEÑA_CLI, ESTADO_SUSCRIPCION_CLI, ID_COM, ID_CIUDAD, ID_REGION, ID_SUSCR)
VALUES ('10238830', '3', 'Juan', 'Soto', 'Armazan', 'Los Torneros 803', TO_DATE('02/08/1988', 'DD/MM/YYYY'), 'juansoto@example.com', '+56955665778', '123456', 'I', 12, 1, 15, NULL);

INSERT INTO CLIENTE (RUT_CLI, DV_CLI, NOMBRE_CLI, APAT_CLI, AMAT_CLI, DIR_CLI, FECHA_NAC_CLI, EMAIL_CLI, CELULAR_CLI, CONTRASEÑA_CLI, ESTADO_SUSCRIPCION_CLI, ID_COM, ID_CIUDAD, ID_REGION, ID_SUSCR)
VALUES ('12777063', '4', 'Pablo', 'Villena', 'Cavero', 'Navidad 13445', TO_DATE('02/12/1990', 'DD/MM/YYYY'), 'pablovillena@example.com', '+56999665778', '123456', 'I', 35, 1, 15, NULL);


--CORREDORA
INSERT INTO CORREDORA_PROPIEDAD (RUT_CORR, DV_CORR, NOMBRE_CORR, DIR_CORR, TELEFONO_CORR, EMAIL_CORR, CONTRASEÑA, SITIO_WEB_CORR, ESTADO_SUSCRIPCION_CORR, ID_COM, ID_CIUDAD, ID_REGION, ID_SUSCR)
VALUES ('89991901', '7', 'Konecta Inmobiliaria', 'Corintio 56', '995348498', 'konecta@propiedades.cl', '123456', 'konectainmobiliaria.cl', 'I', 32, 1, 15, 1);

INSERT INTO CORREDORA_PROPIEDAD (RUT_CORR, DV_CORR, NOMBRE_CORR, DIR_CORR, TELEFONO_CORR, EMAIL_CORR, CONTRASEÑA, SITIO_WEB_CORR, ESTADO_SUSCRIPCION_CORR, ID_COM, ID_CIUDAD, ID_REGION, ID_SUSCR)
VALUES ('74144008', '3', 'Propiedades God', 'Vicuña Mackenna 5663', '996523803', 'propiedades@god.cl', '123456', 'godpropiedades.cl', 'I', 11, 1, 15, 2);

INSERT INTO CORREDORA_PROPIEDAD (RUT_CORR, DV_CORR, NOMBRE_CORR, DIR_CORR, TELEFONO_CORR, EMAIL_CORR, CONTRASEÑA, SITIO_WEB_CORR, ID_COM, ID_CIUDAD, ID_REGION, ID_SUSCR)
VALUES ('84722280', '8', 'Forest propiedades', 'San Antonio 420', '986320114', 'forestpropiedad@forest.cl', '123456', 'forestpropiedades.cl', 8, 1, 15, NULL);

INSERT INTO CORREDORA_PROPIEDAD (RUT_CORR, DV_CORR, NOMBRE_CORR, DIR_CORR, TELEFONO_CORR, EMAIL_CORR, CONTRASEÑA, SITIO_WEB_CORR, ID_COM, ID_CIUDAD, ID_REGION, ID_SUSCR)
VALUES ('91024365', '9', 'Corredora Age en Empires', 'Bizantinos 558', '996789001', 'info@aee.cl', '123456', 'ageenempires.cl', 2, 1, 15, NULL);

INSERT INTO CORREDORA_PROPIEDAD (RUT_CORR, DV_CORR, NOMBRE_CORR, DIR_CORR, TELEFONO_CORR, EMAIL_CORR, CONTRASEÑA, SITIO_WEB_CORR, ID_COM, ID_CIUDAD, ID_REGION, ID_SUSCR)
VALUES ('60545406', '2', 'MK Propiedades', 'Pajaritos 6632', '986301779', 'propiedades@mk.cl', '123456', 'mkprop.cl', 8, 1, 15, NULL);

--SUSCRIPCION
-- Primeros dos registros INACTIVO O 'I'
INSERT INTO SUSCRIPCION (ID_SUSCR, FECHA_INICIO_SUCR, FECHA_FIN_SUSCR, PAGADO, ID_TIPO_SUSCR)
VALUES (1, TO_DATE('11/04/2023', 'DD/MM/YYYY'), TO_DATE('11/05/2023', 'DD/MM/YYYY'), 'I', 1);

INSERT INTO SUSCRIPCION (ID_SUSCR, FECHA_INICIO_SUCR, FECHA_FIN_SUSCR, PAGADO, ID_TIPO_SUSCR)
VALUES (2, TO_DATE('11/04/2023', 'DD/MM/YYYY'), TO_DATE('11/05/2023', 'DD/MM/YYYY'), 'I', 1);

-- Segundos dos registros ACTIVO O 'A'
INSERT INTO SUSCRIPCION (ID_SUSCR, FECHA_INICIO_SUCR, FECHA_FIN_SUSCR, PAGADO, ID_TIPO_SUSCR)
VALUES (3, TO_DATE('15/05/2023', 'DD/MM/YYYY'), TO_DATE('15/06/2023', 'DD/MM/YYYY'), 'A', 1);

INSERT INTO SUSCRIPCION (ID_SUSCR, FECHA_INICIO_SUCR, FECHA_FIN_SUSCR, PAGADO, ID_TIPO_SUSCR)
VALUES (4, TO_DATE('15/05/2023', 'DD/MM/YYYY'), TO_DATE('15/06/2023', 'DD/MM/YYYY'), 'A', 1);



--TIPO_SUSCRIPCION

INSERT INTO TIPO_SUSCRIPCION (ID_TIPO_SUSCR, NOMBRE_TIPO_SUSCR, COSTO_TIPO_SUSCR)
VALUES (1, 'normal', 10000);

-- TIPO_INMUEBLE

INSERT INTO TIPO_INMUEBLE (ID_TIPO_INMB, DESC_TIPO_INMB) VALUES (1, 'Casa');
INSERT INTO TIPO_INMUEBLE (ID_TIPO_INMB, DESC_TIPO_INMB) VALUES (2, 'Departamento');


-- ESTADO_INMUEBLE

INSERT INTO ESTADO_INMUEBLE(COD_ESTADO_INMB) VALUES ('V');
INSERT INTO ESTADO_INMUEBLE(COD_ESTADO_INMB) VALUES ('A');
INSERT INTO ESTADO_INMUEBLE(COD_ESTADO_INMB) VALUES ('L');

-- INMUEBLE

INSERT INTO INMUEBLE (ID_INMB, DIR_INMB, DESC_INMB, SUPERFICIE_INMB, DORMITORIO_INMB, BAÑO_INMB, PRECIO_INMB, RUT_CLI, ID_COM, ID_CIUDAD, ID_REGION, ID_TIPO_INMB, COD_ESTADO_INMB)
VALUES (1, 'Calle Principal 123', 'Casa amplia con jardín', 150.5, 3, 2, 200000, '10639521', 1, 1, 15, 1, 'L');

INSERT INTO INMUEBLE (ID_INMB, DIR_INMB, DESC_INMB, SUPERFICIE_INMB, DORMITORIO_INMB, BAÑO_INMB, PRECIO_INMB, RUT_CLI, ID_COM, ID_CIUDAD, ID_REGION, ID_TIPO_INMB, COD_ESTADO_INMB)
VALUES (2, 'Avenida Central 456', 'Departamento céntrico', 80.2, 2, 1, 150000, '13074837', 2, 1, 15, 2, 'L');

-- FOTO_INMUEBLE

INSERT INTO FOTO_INMUEBLE (ID_FOTO_INMB, FOTO_INMB_1, FOTO_INMB_2, FOTO_INMB_3, FOTO_INMB_4, ID_INMB)
VALUES (1, NULL, NULL, NULL, NULL, 1);

INSERT INTO FOTO_INMUEBLE (ID_FOTO_INMB, FOTO_INMB_1, FOTO_INMB_2, FOTO_INMB_3, FOTO_INMB_4, ID_INMB)
VALUES (2, NULL, NULL, NULL, NULL, 2);

-- ESTADO_PUBLICACION

INSERT INTO ESTADO_PUBLICACION (DESC_ESTADO_PUB)
VALUES ('DISPONIBLE');

INSERT INTO ESTADO_PUBLICACION (DESC_ESTADO_PUB)
VALUES ('NO DISPONIBLE');-- ESTADO_PUBLICACION

-- PUBLICACION

INSERT INTO PUBLICACION (ID_PUB, DESCRIPCION_PUB, FECHA_PUB, DESC_ESTADO_PUB, ID_FOTO_INMB, ID_INMB, RUT_CLI)
VALUES (1, 'Descripción de la publicación 1', TO_DATE('16-05-2023', 'DD-MM-YYYY'), 'DISPONIBLE', 1, 1, '10639521');

INSERT INTO PUBLICACION (ID_PUB, DESCRIPCION_PUB, FECHA_PUB, DESC_ESTADO_PUB, ID_FOTO_INMB, ID_INMB, RUT_CLI)
VALUES (2, 'Descripción de la publicación 2', TO_DATE('15-05-2023', 'DD-MM-YYYY'), 'DISPONIBLE', 2, 2, '13074837');